Addis Ababa City Administration,Addis Ketema Sub City,Woreda 1
Addis Ababa City Administration,Addis Ketema Sub City,Woreda 10
Addis Ababa City Administration,Addis Ketema Sub City,Woreda 11
Addis Ababa City Administration,Addis Ketema Sub City,Woreda 12
Addis Ababa City Administration,Addis Ketema Sub City,Woreda 13
Addis Ababa City Administration,Addis Ketema Sub City,Woreda 14
Addis Ababa City Administration,Addis Ketema Sub City,Woreda 3
Addis Ababa City Administration,Addis Ketema Sub City,Woreda 4
Addis Ababa City Administration,Addis Ketema Sub City,Woreda 5
Addis Ababa City Administration,Addis Ketema Sub City,Woreda 6
Addis Ababa City Administration,Addis Ketema Sub City,Woreda 8
Addis Ababa City Administration,Addis Ketema Sub City,Woreda 9
Addis Ababa City Administration,Akaki Kality Sub City,Woreda 1
Addis Ababa City Administration,Akaki Kality Sub City,Woreda 10
Addis Ababa City Administration,Akaki Kality Sub City,Woreda 12
Addis Ababa City Administration,Akaki Kality Sub City,Woreda 2
Addis Ababa City Administration,Akaki Kality Sub City,Woreda 3
Addis Ababa City Administration,Akaki Kality Sub City,Woreda 4
Addis Ababa City Administration,Akaki Kality Sub City,Woreda 5
Addis Ababa City Administration,Akaki Kality Sub City,Woreda 6
Addis Ababa City Administration,Akaki Kality Sub City,Woreda 7
Addis Ababa City Administration,Akaki Kality Sub City,Woreda 8
Addis Ababa City Administration,Akaki Kality Sub City,Woreda 9
Addis Ababa City Administration,Akaki Kality Sub City,Woreda 13
Addis Ababa City Administration,Arada Sub City,Woreda 1
Addis Ababa City Administration,Arada Sub City,Woreda 10
Addis Ababa City Administration,Arada Sub City,Woreda 2
Addis Ababa City Administration,Arada Sub City,Woreda 3
Addis Ababa City Administration,Arada Sub City,Woreda 4
Addis Ababa City Administration,Arada Sub City,Woreda 5
Addis Ababa City Administration,Arada Sub City,Woreda 6
Addis Ababa City Administration,Arada Sub City,Woreda 7
Addis Ababa City Administration,Arada Sub City,Woreda 8
Addis Ababa City Administration,Arada Sub City,Woreda 9
Addis Ababa City Administration,Bole Sub City,Woreda 1
Addis Ababa City Administration,Bole Sub City,Woreda 10
Addis Ababa City Administration,Bole Sub City,Woreda 11
Addis Ababa City Administration,Bole Sub City,Woreda 12
Addis Ababa City Administration,Bole Sub City,Woreda 13
Addis Ababa City Administration,Bole Sub City,Woreda 14
Addis Ababa City Administration,Bole Sub City,Woreda 2
Addis Ababa City Administration,Bole Sub City,Woreda 3
Addis Ababa City Administration,Bole Sub City,Woreda 4
Addis Ababa City Administration,Bole Sub City,Woreda 5
Addis Ababa City Administration,Bole Sub City,Woreda 6
Addis Ababa City Administration,Bole Sub City,Woreda 7
Addis Ababa City Administration,Gulele Sub City,Woreda 1
Addis Ababa City Administration,Gulele Sub City,Woreda 10
Addis Ababa City Administration,Gulele Sub City,Woreda 2
Addis Ababa City Administration,Gulele Sub City,Woreda 3
Addis Ababa City Administration,Gulele Sub City,Woreda 4
Addis Ababa City Administration,Gulele Sub City,Woreda 5
Addis Ababa City Administration,Gulele Sub City,Woreda 6
Addis Ababa City Administration,Gulele Sub City,Woreda 7
Addis Ababa City Administration,Gulele Sub City,Woreda 8
Addis Ababa City Administration,Gulele Sub City,Woreda 9
Addis Ababa City Administration,Kirkos Sub City,Woreda 1
Addis Ababa City Administration,Kirkos Sub City,Woreda 10
Addis Ababa City Administration,Kirkos Sub City,Woreda 11
Addis Ababa City Administration,Kirkos Sub City,Woreda 2
Addis Ababa City Administration,Kirkos Sub City,Woreda 3
Addis Ababa City Administration,Kirkos Sub City,Woreda 4
Addis Ababa City Administration,Kirkos Sub City,Woreda 5
Addis Ababa City Administration,Kirkos Sub City,Woreda 6
Addis Ababa City Administration,Kirkos Sub City,Woreda 7
Addis Ababa City Administration,Kirkos Sub City,Woreda 8
Addis Ababa City Administration,Kirkos Sub City,Woreda 9
Addis Ababa City Administration,Kolfe Sub city,Woreda 1
Addis Ababa City Administration,Kolfe Sub city,Woreda 10
Addis Ababa City Administration,Kolfe Sub city,Woreda 11
Addis Ababa City Administration,Kolfe Sub city,Woreda 2
Addis Ababa City Administration,Kolfe Sub city,Woreda 3
Addis Ababa City Administration,Kolfe Sub city,Woreda 4
Addis Ababa City Administration,Kolfe Sub city,Woreda 5
Addis Ababa City Administration,Kolfe Sub city,Woreda 6
Addis Ababa City Administration,Kolfe Sub city,Woreda 7
Addis Ababa City Administration,Kolfe Sub city,Woreda 8
Addis Ababa City Administration,Kolfe Sub city,Woreda 9
Addis Ababa City Administration,Lemi kura Sub city,Woreda 08
Addis Ababa City Administration,Lemi kura Sub city,Woreda 09
Addis Ababa City Administration,Lemi kura Sub city,Woreda 10
Addis Ababa City Administration,Lemi kura Sub city,Woreda 11
Addis Ababa City Administration,Lemi kura Sub city,Woreda 12
Addis Ababa City Administration,Lemi kura Sub city,Woreda 13
Addis Ababa City Administration,Lemi kura Sub city,Woreda 14
Addis Ababa City Administration,Lemi kura Sub city,Woreda 2
Addis Ababa City Administration,Lemi kura Sub city,Woreda 3
Addis Ababa City Administration,Lemi kura Sub city,Woreda 4
Addis Ababa City Administration,Lemi kura Sub city,Woreda 5
Addis Ababa City Administration,Lemi kura Sub city,Woreda 6
Addis Ababa City Administration,Lideta Sub City,Woreda 1
Addis Ababa City Administration,Lideta Sub City,Woreda 10
Addis Ababa City Administration,Lideta Sub City,Woreda 2
Addis Ababa City Administration,Lideta Sub City,Woreda 3
Addis Ababa City Administration,Lideta Sub City,Woreda 4
Addis Ababa City Administration,Lideta Sub City,Woreda 5
Addis Ababa City Administration,Lideta Sub City,Woreda 6
Addis Ababa City Administration,Lideta Sub City,Woreda 7
Addis Ababa City Administration,Lideta Sub City,Woreda 8
Addis Ababa City Administration,Lideta Sub City,Woreda 9
Addis Ababa City Administration,Nifas Silk Lafto Sub City,Woreda 1
Addis Ababa City Administration,Nifas Silk Lafto Sub City,Woreda 10
Addis Ababa City Administration,Nifas Silk Lafto Sub City,Woreda 11
Addis Ababa City Administration,Nifas Silk Lafto Sub City,Woreda 12
Addis Ababa City Administration,Nifas Silk Lafto Sub City,Woreda 13
Addis Ababa City Administration,Nifas Silk Lafto Sub City,Woreda 14
Addis Ababa City Administration,Nifas Silk Lafto Sub City,Woreda 15
Addis Ababa City Administration,Nifas Silk Lafto Sub City,Woreda 2
Addis Ababa City Administration,Nifas Silk Lafto Sub City,Woreda 5
Addis Ababa City Administration,Nifas Silk Lafto Sub City,Woreda 6
Addis Ababa City Administration,Nifas Silk Lafto Sub City,Woreda 7
Addis Ababa City Administration,Nifas Silk Lafto Sub City,Woreda 8
Addis Ababa City Administration,Nifas Silk Lafto Sub City,Woreda 9
Addis Ababa City Administration,Yeka Sub City,Woreda 1
Addis Ababa City Administration,Yeka Sub City,Woreda 10
Addis Ababa City Administration,Yeka Sub City,Woreda 11
Addis Ababa City Administration,Yeka Sub City,Woreda 12
Addis Ababa City Administration,Yeka Sub City,Woreda 13
Addis Ababa City Administration,Yeka Sub City,Woreda 2
Addis Ababa City Administration,Yeka Sub City,Woreda 3
Addis Ababa City Administration,Yeka Sub City,Woreda 4
Addis Ababa City Administration,Yeka Sub City,Woreda 5
Addis Ababa City Administration,Yeka Sub City,Woreda 6
Addis Ababa City Administration,Yeka Sub City,Woreda 7
Addis Ababa City Administration,Yeka Sub City,Woreda 8
Addis Ababa City Administration,Yeka Sub City,Woreda 9
Afar Region,Zone 1,Adaar Woreda
Afar Region,Zone 1,Afambo Woreda
Afar Region,Zone 1,Ayssaita City Administration
Afar Region,Zone 1,Ayssaita Woreda
Afar Region,Zone 1,Chifra City Administration
Afar Region,Zone 1,Chifra Woreda
Afar Region,Zone 1,Dubti City Administration
Afar Region,Zone 1,Dubti Woreda
Afar Region,Zone 1,Elidar Woreda
Afar Region,Zone 1,Kori Woreda
Afar Region,Zone 1,Mille City Administration
Afar Region,Zone 1,Mille Woreda
Afar Region,Zone 1,Semera Logia City Administration
Afar Region,Zone 2,Abala City Administration
Afar Region,Zone 2,Abala Woreda
Afar Region,Zone 2,Afdera Woreda
Afar Region,Zone 2,Berahale Woreda
Afar Region,Zone 2,Bidu
Afar Region,Zone 2,Dalol
Afar Region,Zone 2,Erabti
Afar Region,Zone 2,Koneba Woreda
Afar Region,Zone 2,Magale Woreda
Afar Region,Zone 2,Wassama Woreda
Afar Region,Zone 3,Abida Woreda
Afar Region,Zone 3,Adobtele Town Administration
Afar Region,Zone 3,Amibara Woreda
Afar Region,Zone 3,Argoba Special
Afar Region,Zone 3,Awash City Administration
Afar Region,Zone 3,Awash Fenteale
Afar Region,Zone 3,Buremedaytu
Afar Region,Zone 3,Dulecha
Afar Region,Zone 3,Galalo
Afar Region,Zone 3,Gewane
Afar Region,Zone 3,Hanruka
Afar Region,Zone 4,Awura
Afar Region,Zone 4,Ewa
Afar Region,Zone 4,Gulina
Afar Region,Zone 4,Mebay
Afar Region,Zone 4,Teru
Afar Region,Zone 4,Yallo
Afar Region,Zone 5,Dalifaghe
Afar Region,Zone 5,Dewe
Afar Region,Zone 5,Hadeleala
Afar Region,Zone 5,Semirobi
Afar Region,Zone 5,Telalak
Afar Region,Zone 6,Adoado Woreda
Afar Region,Zone 6,Gereni Woreda
Afar Region,Zone 6,Kilelu Woreda
Afar Region,Zone 6,Sibaybi Woreda
Afar Region,Zone 6,Yangudi Woreda
Amhara Region,Awi Zone,Ankasha Guagusa
Amhara Region,Awi Zone,Ayehu Guagusa
Amhara Region,Awi Zone,Banja
Amhara Region,Awi Zone,Chagni Town
Amhara Region,Awi Zone,Dangla Town
Amhara Region,Awi Zone,Dangla Zuria
Amhara Region,Awi Zone,Fagitalekoma
Amhara Region,Awi Zone,Guagusa Shikuda
Amhara Region,Awi Zone,Guangua
Amhara Region,Awi Zone,Injibara Town
Amhara Region,Awi Zone,Jawi
Amhara Region,Awi Zone,Zigem
Amhara Region,Bahirdar Town Administration,Bahir Dar Town
Amhara Region,Central Gondar Zone,Alefa
Amhara Region,Central Gondar Zone,Central Armacho
Amhara Region,Central Gondar Zone,Chilga
Amhara Region,Central Gondar Zone,East Belesa
Amhara Region,Central Gondar Zone,East Dembia
Amhara Region,Central Gondar Zone,Gondar Zuriya
Amhara Region,Central Gondar Zone,Kinfaze Begela
Amhara Region,Central Gondar Zone,Lay Armacho
Amhara Region,Central Gondar Zone,Nebaru Chilga
Amhara Region,Central Gondar Zone,Tach Armacho
Amhara Region,Central Gondar Zone,Takusa
Amhara Region,Central Gondar Zone,Tegede
Amhara Region,Central Gondar Zone,West Belesa
Amhara Region,Central Gondar Zone,West Dembia
Amhara Region,Central Gondar Zone,Wogera
Amhara Region,Debre Markos Town Administration,Debre Markos Town
Amhara Region,Debre Tabor town Administration,Debre Tabor town
Amhara Region,Debreberhan Town Administration,Debreberhan Town
Amhara Region,Dessie Town Administration,Dessie Town
Amhara Region,East Gojjam Zone,Aneded
Amhara Region,East Gojjam Zone,Awabel
Amhara Region,East Gojjam Zone,Baso Liben
Amhara Region,East Gojjam Zone,Bibugn
Amhara Region,East Gojjam Zone,Debay Tilatgin
Amhara Region,East Gojjam Zone,Debre Elias
Amhara Region,East Gojjam Zone,Dejen
Amhara Region,East Gojjam Zone,Enarge Enawga
Amhara Region,East Gojjam Zone,Enebse Sar Midir
Amhara Region,East Gojjam Zone,Enemay
Amhara Region,East Gojjam Zone,Goncha
Amhara Region,East Gojjam Zone,Gozamin
Amhara Region,East Gojjam Zone,Hulet Eju Nese
Amhara Region,East Gojjam Zone,Machakel
Amhara Region,East Gojjam Zone,Motta Town
Amhara Region,East Gojjam Zone,Sedie
Amhara Region,East Gojjam Zone,Shebel Berenta
Amhara Region,East Gojjam Zone,Sinan
Amhara Region,Gondar Town Administration,Gondar City Administration
Amhara Region,Kombolcha Town Administration,Kombolcha Town
Amhara Region,North Gojjam Zone,Bahir dar Zuriya Woreda
Amhara Region,North Gojjam Zone,Gonjikolela Woreda
Amhara Region,North Gojjam Zone,North Achefer Woreda
Amhara Region,North Gojjam Zone,North Mecha Woreda
Amhara Region,North Gojjam Zone,South achefer Woreda
Amhara Region,North Gojjam Zone,South Mecha Woreda
Amhara Region,North Gojjam Zone,Yilemana denisa Woreda
Amhara Region,North Gondar Zone,Adi Arkay
Amhara Region,North Gondar Zone,Beyeda
Amhara Region,North Gondar Zone,Dabat
Amhara Region,North Gondar Zone,Debark Town
Amhara Region,North Gondar Zone,Debark Zuria
Amhara Region,North Gondar Zone,East Telemet
Amhara Region,North Gondar Zone,Janamora
Amhara Region,North Gondar Zone,Maytemri Town
Amhara Region,North Gondar Zone,Telemt
Amhara Region,North Gondar Zone,West Telemet
Amhara Region,North Shoa Zone,Angolala Tera
Amhara Region,North Shoa Zone,Ankober
Amhara Region,North Shoa Zone,Antsokia Gemza
Amhara Region,North Shoa Zone,Asagirt
Amhara Region,North Shoa Zone,Basona Werana
Amhara Region,North Shoa Zone,Berehet
Amhara Region,North Shoa Zone,Efratana Gidim
Amhara Region,North Shoa Zone,Ensaro
Amhara Region,North Shoa Zone,Gishe
Amhara Region,North Shoa Zone,Hagere Mariam
Amhara Region,North Shoa Zone,Kewot
Amhara Region,North Shoa Zone,Menz Gera Midir
Amhara Region,North Shoa Zone,Menz Keya Gebreal
Amhara Region,North Shoa Zone,Menz Lalo Midir
Amhara Region,North Shoa Zone,Menz Mama Midir
Amhara Region,North Shoa Zone,Merhabete
Amhara Region,North Shoa Zone,Mida Woremo
Amhara Region,North Shoa Zone,Minjarina Shenkora
Amhara Region,North Shoa Zone,Mojana Wodera
Amhara Region,North Shoa Zone,Moretna Jiru
Amhara Region,North Shoa Zone,Saya Deberna Wayu
Amhara Region,North Shoa Zone,Shoarobit Town
Amhara Region,North Shoa Zone,Tarmaber
Amhara Region,North Wollo Zone,Alamata Town
Amhara Region,North Wollo Zone,Angot
Amhara Region,North Wollo Zone,Bugina
Amhara Region,North Wollo Zone,Dawunt
Amhara Region,North Wollo Zone,Gazo
Amhara Region,North Wollo Zone,Gidan
Amhara Region,North Wollo Zone,Guba Lafto
Amhara Region,North Wollo Zone,Habru
Amhara Region,North Wollo Zone,Kobo Town
Amhara Region,North Wollo Zone,Lalibela Town
Amhara Region,North Wollo Zone,Lasta
Amhara Region,North Wollo Zone,Meket
Amhara Region,North Wollo Zone,Raya Alamata
Amhara Region,North Wollo Zone,Raya Bala
Amhara Region,North Wollo Zone,Raya Kobo
Amhara Region,North Wollo Zone,Wadila
Amhara Region,Oromia Special Zone,Artuma Fursi
Amhara Region,Oromia Special Zone,Bati Town
Amhara Region,Oromia Special Zone,Bati Woreda
Amhara Region,Oromia Special Zone,Dawa Chefa
Amhara Region,Oromia Special Zone,Dawa Harewa
Amhara Region,Oromia Special Zone,Jile Timuga
Amhara Region,Oromia Special Zone,Kemisie Town
Amhara Region,South Gondar Zone,Andabet
Amhara Region,South Gondar Zone,Dera
Amhara Region,South Gondar Zone,Ebinat
Amhara Region,South Gondar Zone,Estie
Amhara Region,South Gondar Zone,Farta
Amhara Region,South Gondar Zone,Fogera
Amhara Region,South Gondar Zone,Guna Begemidir
Amhara Region,South Gondar Zone,Lay Gayint
Amhara Region,South Gondar Zone,Libo Kemkem
Amhara Region,South Gondar Zone,Mena Meketewa
Amhara Region,South Gondar Zone,Sedie Muja
Amhara Region,South Gondar Zone,Simada
Amhara Region,South Gondar Zone,Tach Gayint
Amhara Region,South Gondar Zone,Woreta
Amhara Region,South Wollo Zone,Albuko
Amhara Region,South Wollo Zone,Ambasel
Amhara Region,South Wollo Zone,Amhara Saint
Amhara Region,South Wollo Zone,Argoba
Amhara Region,South Wollo Zone,Borena
Amhara Region,South Wollo Zone,Delanta
Amhara Region,South Wollo Zone,Dessie Zuriya
Amhara Region,South Wollo Zone,Jama
Amhara Region,South Wollo Zone,Kallu
Amhara Region,South Wollo Zone,Kelala
Amhara Region,South Wollo Zone,Kutaber
Amhara Region,South Wollo Zone,Legambo
Amhara Region,South Wollo Zone,Legehida
Amhara Region,South Wollo Zone,Mehal Saint
Amhara Region,South Wollo Zone,Mekdela
Amhara Region,South Wollo Zone,Tehuledre
Amhara Region,South Wollo Zone,Tenta
Amhara Region,South Wollo Zone,Wogidi
Amhara Region,South Wollo Zone,Worebabo
Amhara Region,South Wollo Zone,Woreilu
Amhara Region,Waghimera Zone,Abergele
Amhara Region,Waghimera Zone,Dehana
Amhara Region,Waghimera Zone,Gazgibla
Amhara Region,Waghimera Zone,Korem Town
Amhara Region,Waghimera Zone,Oflla
Amhara Region,Waghimera Zone,Sehala
Amhara Region,Waghimera Zone,Sekota Town
Amhara Region,Waghimera Zone,Sekota Zuria
Amhara Region,Waghimera Zone,Tsagibji
Amhara Region,Waghimera Zone,Zata
Amhara Region,Waghimera Zone,Ziquala
Amhara Region,West Gojam Zone,Bure Town
Amhara Region,West Gojam Zone,Bure Zuria
Amhara Region,West Gojam Zone,Dega Damot
Amhara Region,West Gojam Zone,Dembecha
Amhara Region,West Gojam Zone,Finote Selam Town
Amhara Region,West Gojam Zone,Jabi Tehinan
Amhara Region,West Gojam Zone,Quarit
Amhara Region,West Gojam Zone,Sekela
Amhara Region,West Gojam Zone,Womberma
Amhara Region,West Gondar Zone,Adagnagere Chako
Amhara Region,West Gondar Zone,Gendawuha Town
Amhara Region,West Gondar Zone,Metema
Amhara Region,West Gondar Zone,Quara
Amhara Region,West Gondar Zone,West Armacho
Amhara Region,Woldia Town Administration,Woldiya Town
Amhara Region,Wolkait Tegedi Setiti Humera,Awura
Amhara Region,Wolkait Tegedi Setiti Humera,Dansha Town
Amhara Region,Wolkait Tegedi Setiti Humera,Kafta Humera
Amhara Region,Wolkait Tegedi Setiti Humera,Setit Humera
Amhara Region,Wolkait Tegedi Setiti Humera,Tegedi
Amhara Region,Wolkait Tegedi Setiti Humera,Wolkait
Benishangul-Gumuz Region,Assosa Town Administration,Assosa Town
Benishangul-Gumuz Region,Assosa Zone,Abrahamo Woreda
Benishangul-Gumuz Region,Assosa Zone,Bambasi Woreda
Benishangul-Gumuz Region,Assosa Zone,Buldigilu Woreda
Benishangul-Gumuz Region,Assosa Zone,Homosha Woreda
Benishangul-Gumuz Region,Assosa Zone,Kurmuk Woreda
Benishangul-Gumuz Region,Assosa Zone,Menge Woreda
Benishangul-Gumuz Region,Assosa Zone,Sherkole Woreda
Benishangul-Gumuz Region,Assosa Zone,undulu Woreda
Benishangul-Gumuz Region,Assosa Zone,Ura Woreda
Benishangul-Gumuz Region,Kamashi Zone,Dambe woreda
Benishangul-Gumuz Region,Kamashi Zone,Kamashi Woreda
Benishangul-Gumuz Region,Kamashi Zone,Mizhiga Woreda
Benishangul-Gumuz Region,Kamashi Zone,Sedal Woreda
Benishangul-Gumuz Region,Kamashi Zone,Zay Woreda
Benishangul-Gumuz Region,Mao Komo Special Woreda,Mao Komo Special
Benishangul-Gumuz Region,Metekel Zone,Bulen Woreda
Benishangul-Gumuz Region,Metekel Zone,Dangur Woreda
Benishangul-Gumuz Region,Metekel Zone,Dibate Woreda
Benishangul-Gumuz Region,Metekel Zone,Guba Woreda
Benishangul-Gumuz Region,Metekel Zone,Mandura Woreda
Benishangul-Gumuz Region,Metekel Zone,Pawi Woreda
Benishangul-Gumuz Region,Metekel Zone,Wembera Woreda
Central Ethiopia Region,East Gurage Zone,Buee Town
Central Ethiopia Region,East Gurage Zone,Butajjra Town
Central Ethiopia Region,East Gurage Zone,East Meskan Woreda
Central Ethiopia Region,East Gurage Zone,Ensseno Town
Central Ethiopia Region,East Gurage Zone,Meskan Woreda
Central Ethiopia Region,East Gurage Zone,Sodo Woreda
Central Ethiopia Region,East Gurage Zone,South Sodo Woreda
Central Ethiopia Region,Gurage Zone,Abeshegi Woreda
Central Ethiopia Region,Gurage Zone,Agena Town
Central Ethiopia Region,Gurage Zone,Arkite Town
Central Ethiopia Region,Gurage Zone,Chaha Woreda
Central Ethiopia Region,Gurage Zone,Emdibirr Town
Central Ethiopia Region,Gurage Zone,Endegagn Woreda
Central Ethiopia Region,Gurage Zone,Enor Iner meger Woreda
Central Ethiopia Region,Gurage Zone,Enor Iner WoredA
Central Ethiopia Region,Gurage Zone,Ezha Woreda
Central Ethiopia Region,Gurage Zone,Gedebano Gutazer Wolene Woreda
Central Ethiopia Region,Gurage Zone,Geto Woreda
Central Ethiopia Region,Gurage Zone,Goncheri Woreda
Central Ethiopia Region,Gurage Zone,Gumer Woreda
Central Ethiopia Region,Gurage Zone,milhurna Aklile Woreda
Central Ethiopia Region,Gurage Zone,Woliket Town
Central Ethiopia Region,Hadiya Zone,ameka woreda
Central Ethiopia Region,Hadiya Zone,ann lemo woreda
Central Ethiopia Region,Hadiya Zone,Bonosha Town
Central Ethiopia Region,Hadiya Zone,duna woreda
Central Ethiopia Region,Hadiya Zone,east badawacho woreda
Central Ethiopia Region,Hadiya Zone,Fondo Town
Central Ethiopia Region,Hadiya Zone,gibe woreda
Central Ethiopia Region,Hadiya Zone,gimbichau town
Central Ethiopia Region,Hadiya Zone,Gombora woreda
Central Ethiopia Region,Hadiya Zone,Homecho Town
Central Ethiopia Region,Hadiya Zone,hosaena town adminstration
Central Ethiopia Region,Hadiya Zone,jajura town
Central Ethiopia Region,Hadiya Zone,lemo woreda
Central Ethiopia Region,Hadiya Zone,mirab soro
Central Ethiopia Region,Hadiya Zone,misha woreda
Central Ethiopia Region,Hadiya Zone,shashago woreda
Central Ethiopia Region,Hadiya Zone,shone town adminstration
Central Ethiopia Region,Hadiya Zone,siraro badawacho
Central Ethiopia Region,Hadiya Zone,soro woreda
Central Ethiopia Region,Hadiya Zone,west badewacho
Central Ethiopia Region,Halaba Zone,Atoti Ulo Woreda
Central Ethiopia Region,Halaba Zone,Halaba Kuleto Town
Central Ethiopia Region,Halaba Zone,Wera Dijo Woreda
Central Ethiopia Region,Halaba Zone,Wera Woreda
Central Ethiopia Region,Kebena Special,Kebena Special
Central Ethiopia Region,Kembata Zone,Adilo Zuria Woreda
Central Ethiopia Region,Kembata Zone,Angacha Town
Central Ethiopia Region,Kembata Zone,Angacha Woreda
Central Ethiopia Region,Kembata Zone,Damboya Town
Central Ethiopia Region,Kembata Zone,Demboya Woreda
Central Ethiopia Region,Kembata Zone,Doyogena Town
Central Ethiopia Region,Kembata Zone,Doyogena Woreda
Central Ethiopia Region,Kembata Zone,Durame Town
Central Ethiopia Region,Kembata Zone,Hadero Town
Central Ethiopia Region,Kembata Zone,Hadero Tuno Zuria Woreda
Central Ethiopia Region,Kembata Zone,Kacha Birra Woreda
Central Ethiopia Region,Kembata Zone,Kedida Gamela Woreda
Central Ethiopia Region,Kembata Zone,Shinshicho Town
Central Ethiopia Region,Mareko Special,Mareko Special
Central Ethiopia Region,Silte Zone,Alem Gebiya Town
Central Ethiopia Region,Silte Zone,alicho wiriro woreda
Central Ethiopia Region,Silte Zone,dalocha woreda
Central Ethiopia Region,Silte Zone,east azernet woreda
Central Ethiopia Region,Silte Zone,east silti woreda
Central Ethiopia Region,Silte Zone,hulbareg woreda
Central Ethiopia Region,Silte Zone,kibet town adminstration
Central Ethiopia Region,Silte Zone,lanfuro woreda
Central Ethiopia Region,Silte Zone,mitto woreda
Central Ethiopia Region,Silte Zone,sankura woreda
Central Ethiopia Region,Silte Zone,silti woreda
Central Ethiopia Region,Silte Zone,tora town adminstration
Central Ethiopia Region,Silte Zone,west azernet woreda
Central Ethiopia Region,Silte Zone,worabe town adminstration
Central Ethiopia Region,Tembaro Special,Mudula Town
Central Ethiopia Region,Tembaro Special,Tembaro Woreda
Central Ethiopia Region,Yem Zone,Deri Woreda
Central Ethiopia Region,Yem Zone,Fofa Woreda
Central Ethiopia Region,Yem Zone,Saja Town
Central Ethiopia Region,Yem Zone,Toba Woreda
Dire Dawa City Administration,Addis Ketema Operational,Addis Ketema Operational
Dire Dawa City Administration,Biyoawale Operational,Biyoawale Operational
Dire Dawa City Administration,Dire Dawa Operational,Dire Dawa Operational
Dire Dawa City Administration,Gendekore Operational,Gendekore Operational
Dire Dawa City Administration,Goro Operational,Goro Operational
Dire Dawa City Administration,Legehare Operational,Legehare Operational
Gambella Region,Agniwa zone,Abobo
Gambella Region,Agniwa zone,Dimma
Gambella Region,Agniwa zone,Gambella Zuria
Gambella Region,Agniwa zone,Gog
Gambella Region,Agniwa zone,Jor
Gambella Region,Gambella Town Administration,Gambella Town Administration
Gambella Region,Itang Special,Itange Woreda
Gambella Region,Majang Zone,Godere
Gambella Region,Majang Zone,Mengeshi
Gambella Region,Nuer Zone,Akobo
Gambella Region,Nuer Zone,Jikawo
Gambella Region,Nuer Zone,Lare
Gambella Region,Nuer Zone,Makuey
Gambella Region,Nuer Zone,Wanthoa
Oromia Region,Adama Town,Abba Gada Sub City
Oromia Region,Adama Town,Boku Shenen Sub City
Oromia Region,Adama Town,Bole Sub City
Oromia Region,Adama Town,Dabe Sub City
Oromia Region,Adama Town,Dambela Sub City
Oromia Region,Adama Town,Lugo Sub City
Oromia Region,Agaro Towm,Agaro Town
Oromia Region,Ambo Town,Ambo Town
Oromia Region,Arsi zone,Amigna
Oromia Region,Arsi zone,Aseko
Oromia Region,Arsi zone,Bale Gasgar
Oromia Region,Arsi zone,Bokeji Town
Oromia Region,Arsi zone,Chole
Oromia Region,Arsi zone,Deksis
Oromia Region,Arsi zone,Dera Town
Oromia Region,Arsi zone,Digeluna Tijo
Oromia Region,Arsi zone,Dodota
Oromia Region,Arsi zone,Enkelo Wabe
Oromia Region,Arsi zone,Gololcha
Oromia Region,Arsi zone,Guna
Oromia Region,Arsi zone,Hitosa
Oromia Region,Arsi zone,Hurta Town
Oromia Region,Arsi zone,Jeju
Oromia Region,Arsi zone,Limuna Bilbilo
Oromia Region,Arsi zone,Lode Hetosa
Oromia Region,Arsi zone,Merti
Oromia Region,Arsi zone,Munesa
Oromia Region,Arsi zone,Robe
Oromia Region,Arsi zone,Seru
Oromia Region,Arsi zone,Shanan Kolu
Oromia Region,Arsi zone,Shirka
Oromia Region,Arsi zone,Sire
Oromia Region,Arsi zone,Sude
Oromia Region,Arsi zone,Tena
Oromia Region,Arsi zone,Tiyo
Oromia Region,Arsi zone,Ziway Dugda
Oromia Region,Asela Town,Asella Town
Oromia Region,Bale Zone,Agarfa
Oromia Region,Bale Zone,Berbere
Oromia Region,Bale Zone,Dello Menna
Oromia Region,Bale Zone,Dinsho
Oromia Region,Bale Zone,Gasera
Oromia Region,Bale Zone,Goba
Oromia Region,Bale Zone,Goro
Oromia Region,Bale Zone,Guradhamole
Oromia Region,Bale Zone,Harena Bulluk
Oromia Region,Bale Zone,Sinana
Oromia Region,Batu Town,Batu Town
Oromia Region,Bishoftu Town,Chelelka Woreda
Oromia Region,Bishoftu Town,Dibayu Woreda
Oromia Region,Bishoftu Town,Dukem Woreda
Oromia Region,Borena Zone,Dilo
Oromia Region,Borena Zone,Dire
Oromia Region,Borena Zone,Dubuluk
Oromia Region,Borena Zone,Elwaye
Oromia Region,Borena Zone,Gomole
Oromia Region,Borena Zone,Guchi
Oromia Region,Borena Zone,Miyo
Oromia Region,Borena Zone,Moyale Woreda
Oromia Region,Borena Zone,Taltale
Oromia Region,Borena Zone,Yabelo
Oromia Region,Borena Zone,Yabelo Town
Oromia Region,Bule Hora Town,Bule Hora Town
Oromia Region,Buno Bedele Zone,Bedele
Oromia Region,Buno Bedele Zone,Bedele Town
Oromia Region,Buno Bedele Zone,Borecha
Oromia Region,Buno Bedele Zone,Chewaka
Oromia Region,Buno Bedele Zone,Chora
Oromia Region,Buno Bedele Zone,Dabo Hana
Oromia Region,Buno Bedele Zone,Dedesa
Oromia Region,Buno Bedele Zone,Dega
Oromia Region,Buno Bedele Zone,Gechi
Oromia Region,Buno Bedele Zone,Meko
Oromia Region,Dodola Town,Dodola Town
Oromia Region,East Bale Zone,Dawe Kechen
Oromia Region,East Bale Zone,Dawe Sarar Woreda
Oromia Region,East Bale Zone,Ginir Rural Woreda
Oromia Region,East Bale Zone,Ginir Town
Oromia Region,East Bale Zone,Gololcha Woreda
Oromia Region,East Bale Zone,Legehidh Woreda
Oromia Region,East Bale Zone,Rayitu Woreda
Oromia Region,East Bale Zone,Sewena Woreda
Oromia Region,East Borena Zone,Arero Woreda
Oromia Region,East Borena Zone,Das Woreda
Oromia Region,East Borena Zone,Goro Dola Woreda
Oromia Region,East Borena Zone,Gumi Eldalo Woreda
Oromia Region,East Borena Zone,Liben Woreda
Oromia Region,East Borena Zone,Mada Walabu
Oromia Region,East Borena Zone,Negele Borena Town
Oromia Region,East Borena Zone,Wachile Woreda
Oromia Region,East Borena Zone,West Welabu
Oromia Region,East Hararge Zone,Babile
Oromia Region,East Hararge Zone,Babile Town
Oromia Region,East Hararge Zone,Bedeno
Oromia Region,East Hararge Zone,Chinaksen Worda
Oromia Region,East Hararge Zone,Deder
Oromia Region,East Hararge Zone,Deder Town
Oromia Region,East Hararge Zone,Fedis
Oromia Region,East Hararge Zone,Girawa
Oromia Region,East Hararge Zone,Gola Oda
Oromia Region,East Hararge Zone,Goro Gutu
Oromia Region,East Hararge Zone,Goro Muti
Oromia Region,East Hararge Zone,Gursum
Oromia Region,East Hararge Zone,Haromaya
Oromia Region,East Hararge Zone,Jarso
Oromia Region,East Hararge Zone,Kersa
Oromia Region,East Hararge Zone,Kombolcha
Oromia Region,East Hararge Zone,Kumbi
Oromia Region,East Hararge Zone,Kurfa Chale
Oromia Region,East Hararge Zone,Mekanisa Oromo Woreda
Oromia Region,East Hararge Zone,Melkabello
Oromia Region,East Hararge Zone,Meta
Oromia Region,East Hararge Zone,Meye Muluke
Oromia Region,East Hararge Zone,Midaga Tola
Oromia Region,East Shewa Zone,Adama
Oromia Region,East Shewa Zone,Adami Tulu Jido Kombolcha
Oromia Region,East Shewa Zone,Adea
Oromia Region,East Shewa Zone,Akaki
Oromia Region,East Shewa Zone,Bora
Oromia Region,East Shewa Zone,Boset
Oromia Region,East Shewa Zone,Dugda
Oromia Region,East Shewa Zone,Fentale
Oromia Region,East Shewa Zone,Gumbichu
Oromia Region,East Shewa Zone,Liben Chukala
Oromia Region,East Shewa Zone,Lume
Oromia Region,East Shewa Zone,Meki Town
Oromia Region,East Shewa Zone,Metehara Town
Oromia Region,East Wollega Zone,Anger Gute Town
Oromia Region,East Wollega Zone,Boneya Bushe
Oromia Region,East Wollega Zone,Diga
Oromia Region,East Wollega Zone,Ebantu
Oromia Region,East Wollega Zone,Gida Ayana
Oromia Region,East Wollega Zone,Gobu Seyo
Oromia Region,East Wollega Zone,Gudeya Bila
Oromia Region,East Wollega Zone,Guto Gida
Oromia Region,East Wollega Zone,Haro Limu
Oromia Region,East Wollega Zone,Jima Arjo
Oromia Region,East Wollega Zone,Kiramu
Oromia Region,East Wollega Zone,Leqa Dulecha
Oromia Region,East Wollega Zone,Limu
Oromia Region,East Wollega Zone,Nekemte Town
Oromia Region,East Wollega Zone,Nunu Kumba
Oromia Region,East Wollega Zone,Sasiga
Oromia Region,East Wollega Zone,Sibu Sire
Oromia Region,East Wollega Zone,Wama Hagalo
Oromia Region,East Wollega Zone,Wayu Tuqa
Oromia Region,Guji Zone,Adola Rede
Oromia Region,Guji Zone,Adola Town
Oromia Region,Guji Zone,Aga Wayyu
Oromia Region,Guji Zone,Anna Sorra
Oromia Region,Guji Zone,Arda Jila Me Boko
Oromia Region,Guji Zone,Bore
Oromia Region,Guji Zone,Dama
Oromia Region,Guji Zone,Girja
Oromia Region,Guji Zone,Haro Walabu
Oromia Region,Guji Zone,Odo Shakiso
Oromia Region,Guji Zone,Saba Boru
Oromia Region,Guji Zone,Uraga
Oromia Region,Guji Zone,Wadara
Oromia Region,Holeta Town,Holota Town
Oromia Region,Horo Gudru Wellega Zone,Abay Chomen
Oromia Region,Horo Gudru Wellega Zone,Abe Dengoro
Oromia Region,Horo Gudru Wellega Zone,Amuru
Oromia Region,Horo Gudru Wellega Zone,Chomen Guduru
Oromia Region,Horo Gudru Wellega Zone,Guduru
Oromia Region,Horo Gudru Wellega Zone,Hababo Guduru
Oromia Region,Horo Gudru Wellega Zone,Horo
Oromia Region,Horo Gudru Wellega Zone,Horo Bulluq
Oromia Region,Horo Gudru Wellega Zone,Jardga Jarte
Oromia Region,Horo Gudru Wellega Zone,Jimma Geneti
Oromia Region,Horo Gudru Wellega Zone,Jimma Rare
Oromia Region,Horo Gudru Wellega Zone,Shambu
Oromia Region,Horo Gudru Wellega Zone,Sulula Fincha
Oromia Region,Ilu Aba Bora Zone,Ale
Oromia Region,Ilu Aba Bora Zone,Alge Sachi
Oromia Region,Ilu Aba Bora Zone,Becho
Oromia Region,Ilu Aba Bora Zone,Billo Nopha
Oromia Region,Ilu Aba Bora Zone,Bure
Oromia Region,Ilu Aba Bora Zone,Darimu
Oromia Region,Ilu Aba Bora Zone,Didu
Oromia Region,Ilu Aba Bora Zone,Doranii
Oromia Region,Ilu Aba Bora Zone,Halu
Oromia Region,Ilu Aba Bora Zone,Hurrumuu
Oromia Region,Ilu Aba Bora Zone,Metu Town
Oromia Region,Ilu Aba Bora Zone,Metu Zuriya
Oromia Region,Ilu Aba Bora Zone,Sele Nono
Oromia Region,Ilu Aba Bora Zone,Yayo
Oromia Region,Jimma Town,Jimma Town
Oromia Region,Jimma Zone,Botor Tolay
Oromia Region,Jimma Zone,Chora Botor
Oromia Region,Jimma Zone,Dedo
Oromia Region,Jimma Zone,Gera
Oromia Region,Jimma Zone,Gomma
Oromia Region,Jimma Zone,Gumay
Oromia Region,Jimma Zone,Kersa
Oromia Region,Jimma Zone,Limu Genet Town
Oromia Region,Jimma Zone,Limu Kosa
Oromia Region,Jimma Zone,Limu Seka
Oromia Region,Jimma Zone,Mana
Oromia Region,Jimma Zone,Mencho
Oromia Region,Jimma Zone,Nedhi Gibe
Oromia Region,Jimma Zone,Nono Benja
Oromia Region,Jimma Zone,Omo Beyem
Oromia Region,Jimma Zone,Omo Nada
Oromia Region,Jimma Zone,Seka Chekorsa
Oromia Region,Jimma Zone,Setema
Oromia Region,Jimma Zone,Shabe Sombo
Oromia Region,Jimma Zone,Sigmo
Oromia Region,Jimma Zone,Sokoru
Oromia Region,Kelem Wollega Zone,Anfilo
Oromia Region,Kelem Wollega Zone,Dale Sadi
Oromia Region,Kelem Wollega Zone,Dale Wabera
Oromia Region,Kelem Wollega Zone,Dambi Dollo
Oromia Region,Kelem Wollega Zone,Gawo Kebe
Oromia Region,Kelem Wollega Zone,Gidami
Oromia Region,Kelem Wollega Zone,Hawa Gelan
Oromia Region,Kelem Wollega Zone,Jimma Horo
Oromia Region,Kelem Wollega Zone,Lalo Kile
Oromia Region,Kelem Wollega Zone,Saden Chanka
Oromia Region,Kelem Wollega Zone,Seyo
Oromia Region,Kelem Wollega Zone,Yemalogi Welel
Oromia Region,Maya Town,Adele Sub City
Oromia Region,Maya Town,Aweday Sub City
Oromia Region,Maya Town,Haramaya Sub City
Oromia Region,Metu Town,Metu Town
Oromia Region,Modjo Town,Mojo Town
Oromia Region,Moyale Town,moyale Town
Oromia Region,Nejo Town,Nejo Town
Oromia Region,Nekemte Town,Nekemte Town
Oromia Region,North Shewa Zone,Abichu Gna
Oromia Region,North Shewa Zone,Aleltu
Oromia Region,North Shewa Zone,Barak Woreda
Oromia Region,North Shewa Zone,Chancho Town
Oromia Region,North Shewa Zone,Debre Libanos
Oromia Region,North Shewa Zone,Degem
Oromia Region,North Shewa Zone,Derra
Oromia Region,North Shewa Zone,Fitche Town
Oromia Region,North Shewa Zone,Gerba Gurach Town
Oromia Region,North Shewa Zone,Girar Jarso
Oromia Region,North Shewa Zone,Hidabu Abote
Oromia Region,North Shewa Zone,Jida
Oromia Region,North Shewa Zone,Kimbibit
Oromia Region,North Shewa Zone,Kuyu
Oromia Region,North Shewa Zone,Mulo Woreda
Oromia Region,North Shewa Zone,Sululta Woreda
Oromia Region,North Shewa Zone,Were Jarso
Oromia Region,North Shewa Zone,Wuchale
Oromia Region,North Shewa Zone,Yaya Gulele
Oromia Region,Robe Town,Adoshe Weleshe Sub City
Oromia Region,Robe Town,Goba Sub City
Oromia Region,Robe Town,Zebela Walashe Sub City
Oromia Region,Sendafa Beke Town,Sandafa Woreda
Oromia Region,Shakiso Town,shakiso Town
Oromia Region,Shashemene Town,Alache Sub city
Oromia Region,Shashemene Town,Bishan Guracha Sub City
Oromia Region,Shashemene Town,Haruf SubCity
Oromia Region,Shashemene Town,Malka sirba Sub City
Oromia Region,Sheger City,Burayu Sub-City
Oromia Region,Sheger City,Furi Sub -City
Oromia Region,Sheger City,Gefersa Guje Sub-City
Oromia Region,Sheger City,Gelan Guda Sub-City
Oromia Region,Sheger City,Gelan Sub-City
Oromia Region,Sheger City,Koye Fache Sub-City
Oromia Region,Sheger City,Kura Jida-City
Oromia Region,Sheger City,Lega Tafo Lega Dadi-City
Oromia Region,Sheger City,Mana Abicha Sub-City
Oromia Region,Sheger City,Melka Nonno Sub-City
Oromia Region,Sheger City,Sebeta Sub-City
Oromia Region,Sheger City,Sululta Sub-City
Oromia Region,Sheno Town,Sheno Town
Oromia Region,South West Shewa,Ameya
Oromia Region,South West Shewa,Becho
Oromia Region,South West Shewa,Dawo
Oromia Region,South West Shewa,Goro
Oromia Region,South West Shewa,Ilu
Oromia Region,South West Shewa,Kersa Malima
Oromia Region,South West Shewa,Saden Sodo
Oromia Region,South West Shewa,Sebeta Hawas
Oromia Region,South West Shewa,Sodo Dachi
Oromia Region,South West Shewa,Tole
Oromia Region,South West Shewa,Woliso
Oromia Region,South West Shewa,Wonchi
Oromia Region,West Arsi Zone,Adaba
Oromia Region,West Arsi Zone,Arsi Negele Rural
Oromia Region,West Arsi Zone,Arsi Negele Town
Oromia Region,West Arsi Zone,Dodola Rural
Oromia Region,West Arsi Zone,Dodola Town
Oromia Region,West Arsi Zone,Gedeb Hasasa
Oromia Region,West Arsi Zone,Heben Arsi
Oromia Region,West Arsi Zone,Kofele
Oromia Region,West Arsi Zone,Kofole Town
Oromia Region,West Arsi Zone,Kokosa
Oromia Region,West Arsi Zone,Kore
Oromia Region,West Arsi Zone,Nansebo
Oromia Region,West Arsi Zone,Shala
Oromia Region,West Arsi Zone,Shashemene Zuria
Oromia Region,West Arsi Zone,Siraro
Oromia Region,West Arsi Zone,Wondo
Oromia Region,West Guji Zone,Abaya
Oromia Region,West Guji Zone,Birbirsa Kojowa
Oromia Region,West Guji Zone,Bule Hora
Oromia Region,West Guji Zone,Bule Hora Town
Oromia Region,West Guji Zone,Dugda Dawa
Oromia Region,West Guji Zone,Gelana
Oromia Region,West Guji Zone,Hambela Wamena
Oromia Region,West Guji Zone,Kercha
Oromia Region,West Guji Zone,Kercha Town
Oromia Region,West Guji Zone,Melka Soda
Oromia Region,West Guji Zone,Suro Barguda
Oromia Region,West Hararge Zone,Anchar
Oromia Region,West Hararge Zone,Bedesa
Oromia Region,West Hararge Zone,Boke
Oromia Region,West Hararge Zone,Burka Dhintu
Oromia Region,West Hararge Zone,Chiro Town
Oromia Region,West Hararge Zone,Chiro Zurya
Oromia Region,West Hararge Zone,Daro Lebu
Oromia Region,West Hararge Zone,Doba
Oromia Region,West Hararge Zone,Gelemso Town
Oromia Region,West Hararge Zone,Gemechis
Oromia Region,West Hararge Zone,Guba Qoricha
Oromia Region,West Hararge Zone,Gumbi Bordode
Oromia Region,West Hararge Zone,Habro
Oromia Region,West Hararge Zone,Hawi Gudina
Oromia Region,West Hararge Zone,Hirna Towm
Oromia Region,West Hararge Zone,Machara -Micheta Town
Oromia Region,West Hararge Zone,Mesela
Oromia Region,West Hararge Zone,Mieso Woreda
Oromia Region,West Hararge Zone,Oda Bultum
Oromia Region,West Hararge Zone,Tulo
Oromia Region,West Shewa Zone,Abuna Gindeberet
Oromia Region,West Shewa Zone,Adaa Berga
Oromia Region,West Shewa Zone,Ambo
Oromia Region,West Shewa Zone,Bako Tibe
Oromia Region,West Shewa Zone,Chelia
Oromia Region,West Shewa Zone,Chobi
Oromia Region,West Shewa Zone,Dano
Oromia Region,West Shewa Zone,Dendi
Oromia Region,West Shewa Zone,Dire Enchini
Oromia Region,West Shewa Zone,Ejere
Oromia Region,West Shewa Zone,Ejersa Lafo
Oromia Region,West Shewa Zone,Elfata
Oromia Region,West Shewa Zone,Elu Gelan
Oromia Region,West Shewa Zone,Gindebert
Oromia Region,West Shewa Zone,Jeldu
Oromia Region,West Shewa Zone,Jibat
Oromia Region,West Shewa Zone,Liban Jawi
Oromia Region,West Shewa Zone,Meta Robi
Oromia Region,West Shewa Zone,Meta Welkite
Oromia Region,West Shewa Zone,Mida Kegni
Oromia Region,West Shewa Zone,Nonoo
Oromia Region,West Shewa Zone,Toke Kutaye
Oromia Region,West Shewa Zone,Walmara Woreda
Oromia Region,West Wollega Zone,Ayira
Oromia Region,West Wollega Zone,Babo Gembel
Oromia Region,West Wollega Zone,Begi
Oromia Region,West Wollega Zone,Boji Choqorsa
Oromia Region,West Wollega Zone,Boji Dirmeji
Oromia Region,West Wollega Zone,Ganji
Oromia Region,West Wollega Zone,Gimbi Rural
Oromia Region,West Wollega Zone,Gimbi Town
Oromia Region,West Wollega Zone,Guliso
Oromia Region,West Wollega Zone,Haru
Oromia Region,West Wollega Zone,Homa
Oromia Region,West Wollega Zone,Jarso
Oromia Region,West Wollega Zone,Kiltu Kara
Oromia Region,West Wollega Zone,Lalo Asabi
Oromia Region,West Wollega Zone,Leta Sibu
Oromia Region,West Wollega Zone,Mendi Twon
Oromia Region,West Wollega Zone,Mene Sibu
Oromia Region,West Wollega Zone,Nedjo Rural
Oromia Region,West Wollega Zone,Nole Kaba
Oromia Region,West Wollega Zone,Qondala
Oromia Region,West Wollega Zone,Seyo Nole
Oromia Region,West Wollega Zone,Yubdo
Oromia Region,Woliso Town,Woliso Town
Sidama Region,Central Sidama Zone,Arbegona Woreda
Sidama Region,Central Sidama Zone,Dale Woreda
Sidama Region,Central Sidama Zone,Darara Woreda
Sidama Region,Central Sidama Zone,Loko Abaya Woreda
Sidama Region,Central Sidama Zone,Shafambo Woreda
Sidama Region,Central Sidama Zone,Wensho Woreda
Sidama Region,Central Sidama Zone,Yirgalem Town Administration
Sidama Region,Eastern Zone,Aroresa Woreda
Sidama Region,Eastern Zone,Bensa Woreda
Sidama Region,Eastern Zone,Bona Zuria Woreda
Sidama Region,Eastern Zone,Bura Woreda
Sidama Region,Eastern Zone,Chabe Gambeltu Woreda
Sidama Region,Eastern Zone,Chire Woreda
Sidama Region,Eastern Zone,Daela Woreda
Sidama Region,Eastern Zone,Daye Town Administration
Sidama Region,Eastern Zone,Hoko Woreda
Sidama Region,Hawassa City Administration,Addis Ketema Sub City
Sidama Region,Hawassa City Administration,Bahel Adarash Sub City
Sidama Region,Hawassa City Administration,Hayik Dar Sub City
Sidama Region,Hawassa City Administration,Mehal Sub City
Sidama Region,Hawassa City Administration,Menhariya Sub City
Sidama Region,Hawassa City Administration,Misirak Sub City
Sidama Region,Hawassa City Administration,Tabor Sub City
Sidama Region,Hawassa City Administration,Tula Woreda
Sidama Region,Northern Zone,Bilate Zuria Woreda
Sidama Region,Northern Zone,Borricha Woreda
Sidama Region,Northern Zone,Gorche Woreda
Sidama Region,Northern Zone,Hawassa Zuria Woreda
Sidama Region,Northern Zone,Hawella Woreda
Sidama Region,Northern Zone,Leku Town Administration
Sidama Region,Northern Zone,Melga Woreda
Sidama Region,Northern Zone,Shebedino Woreda
Sidama Region,Northern Zone,Wondo Genet Town
Sidama Region,Northern Zone,Wondogenet Woreda
Sidama Region,Southern Zone,Aleta Chuko Town
Sidama Region,Southern Zone,Aleta Chuko Woreda
Sidama Region,Southern Zone,Aleta Wondo Town Administration
Sidama Region,Southern Zone,Aleta Wondo Woreda
Sidama Region,Southern Zone,Bursa Woreda
Sidama Region,Southern Zone,Chirone Woreda
Sidama Region,Southern Zone,Dara Otilcho Woreda
Sidama Region,Southern Zone,Dara Woreda
Sidama Region,Southern Zone,Hulla Woreda
Sidama Region,Southern Zone,Teticha Woreda
SNNP Region,Hadiya Zone,Jajura Town
SNNP Region,Hadiya Zone,Lemo
SNNP Region,Silte Zone,Kibet town administration
Somali Region,Afder,Bare
Somali Region,Afder,Chareti
Somali Region,Afder,Dollo Bay
Somali Region,Afder,Elkari
Somali Region,Afder,God-God
Somali Region,Afder,Hargele
Somali Region,Afder,Qooxle
Somali Region,Afder,Raso
Somali Region,Afder,West Imay
Somali Region,Dawa,Hudhet
Somali Region,Dawa,Kadadumo
Somali Region,Dawa,Ley
Somali Region,Dawa,Moyale
Somali Region,Dawa,Mubarak
Somali Region,Dollo,Bokh
Somali Region,Dollo,Danot
Somali Region,Dollo,Daratole
Somali Region,Dollo,Galadi
Somali Region,Dollo,Galhamur
Somali Region,Dollo,Lehelyuub
Somali Region,Dollo,Warder
Somali Region,Erar,Fik
Somali Region,Erar,Hamaro
Somali Region,Erar,Lagahida
Somali Region,Erar,Mayumuluqo
Somali Region,Erar,Qubi
Somali Region,Erar,Salahad
Somali Region,Erar,Wangey
Somali Region,Erar,Yahoob
Somali Region,Fafan,Aw-barre
Somali Region,Fafan,Babili
Somali Region,Fafan,Goljano
Somali Region,Fafan,Gursum
Somali Region,Fafan,Harawo
Somali Region,Fafan,Harorays
Somali Region,Fafan,Harshin
Somali Region,Fafan,Jigjiga Town
Somali Region,Fafan,Koran Mula
Somali Region,Fafan,Qabribayah
Somali Region,Fafan,Qabribayah City
Somali Region,Fafan,Shabeley
Somali Region,Fafan,Togwajale City
Somali Region,Fafan,Tuliguled
Somali Region,Jarar,Ararso
Somali Region,Jarar,Aware
Somali Region,Jarar,Bilcilbur
Somali Region,Jarar,Birqod
Somali Region,Jarar,Daroor
Somali Region,Jarar,Degahbur
Somali Region,Jarar,Degahbur city
Somali Region,Jarar,Dhagahmadaw
Somali Region,Jarar,Dig
Somali Region,Jarar,Gashamo
Somali Region,Jarar,Gunagado
Somali Region,Jarar,Yocale
Somali Region,Korahay,Bodalay
Somali Region,Korahay,Dhoboweyn
Somali Region,Korahay,El-Ogaden
Somali Region,Korahay,Goglo
Somali Region,Korahay,Higloley
Somali Region,Korahay,Kebridahar
Somali Region,Korahay,Kebridahar City
Somali Region,Korahay,Lasdhankeyre
Somali Region,Korahay,Marsin
Somali Region,Korahay,Shaykosh
Somali Region,Korahay,Shilabo
Somali Region,Liben,Bokolmanyo
Somali Region,Liben,Dekasuftu
Somali Region,Liben,Dolo Ado
Somali Region,Liben,Filtu
Somali Region,Liben,Gorabaqaqsa
Somali Region,Liben,Gura Damole
Somali Region,Liben,Karsasula
Somali Region,Nogob,Ayun
Somali Region,Nogob,Duhun
Somali Region,Nogob,Elwayne
Somali Region,Nogob,Garbo
Somali Region,Nogob,Hararey
Somali Region,Nogob,Horashagah
Somali Region,Nogob,Sagag
Somali Region,Shebelle,Abaqaraw
Somali Region,Shebelle,Adadle
Somali Region,Shebelle,Bercano
Somali Region,Shebelle,Dhanan
Somali Region,Shebelle,East Imey
Somali Region,Shebelle,Elele
Somali Region,Shebelle,Ferfer
Somali Region,Shebelle,Godey
Somali Region,Shebelle,Godey City
Somali Region,Shebelle,Mustahil
Somali Region,Shebelle,Qalafo
Somali Region,Sitti,Afdam
Somali Region,Sitti,Ayisha
Somali Region,Sitti,Danbal
Somali Region,Sitti,Daymeed
Somali Region,Sitti,Dhunyar
Somali Region,Sitti,Erer
Somali Region,Sitti,Gablalu
Somali Region,Sitti,Gota-Biki
Somali Region,Sitti,Hadagala
Somali Region,Sitti,Maeso
Somali Region,Sitti,Shinile
South Ethiopia Region,Ale zone,Kolango Town Administration
South Ethiopia Region,Ale zone,Kolango Zuria Woreda
South Ethiopia Region,Arba Minch Town,Arba Minch Town
South Ethiopia Region,Ari zone,Beka dawla woreda
South Ethiopia Region,Ari zone,Gelila town
South Ethiopia Region,Ari zone,Jinka town
South Ethiopia Region,Ari zone,North ari woreda
South Ethiopia Region,Ari zone,South ari woreda
South Ethiopia Region,Ari zone,Waba ari woreda
South Ethiopia Region,Basketo zone,Laska Town
South Ethiopia Region,Basketo zone,Laska zuria Woreda
South Ethiopia Region,Burji zone,Soyama Town
South Ethiopia Region,Burji zone,Soyama zuriya woreda
South Ethiopia Region,Dila Town,Dila Town
South Ethiopia Region,gamo zone,Arbamich Zuria Woreda
South Ethiopia Region,gamo zone,Birbir Town
South Ethiopia Region,gamo zone,Bonike Woreda
South Ethiopia Region,gamo zone,Boreda Woreda
South Ethiopia Region,gamo zone,Chencha Town
South Ethiopia Region,gamo zone,Chencha Zuria Woreda
South Ethiopia Region,gamo zone,Daramalo Woreda
South Ethiopia Region,gamo zone,Dita Woreda
South Ethiopia Region,gamo zone,Gacho Baba Woreda
South Ethiopia Region,gamo zone,Garida Marta Woreda
South Ethiopia Region,gamo zone,Geresia Town
South Ethiopia Region,gamo zone,Geresia Zuria Woreda
South Ethiopia Region,gamo zone,Kamba Town
South Ethiopia Region,gamo zone,Kamba Zuria Woreda
South Ethiopia Region,gamo zone,Kogota Woreda
South Ethiopia Region,gamo zone,Kucha Alfa Woreda
South Ethiopia Region,gamo zone,Kucha Woreda
South Ethiopia Region,gamo zone,Sebamber Town
South Ethiopia Region,gamo zone,West Abaya Woreda
South Ethiopia Region,Gardula zone,Derashe woreda
South Ethiopia Region,Gardula zone,Gidole town
South Ethiopia Region,gedeo zone,Bule woreda
South Ethiopia Region,gedeo zone,Chelelkitu town
South Ethiopia Region,gedeo zone,Choriso woreda
South Ethiopia Region,gedeo zone,Dilla Zuriya woreda
South Ethiopia Region,gedeo zone,Gedeb town
South Ethiopia Region,gedeo zone,Gedeb woreda
South Ethiopia Region,gedeo zone,Kochore woreda
South Ethiopia Region,gedeo zone,Rape woreda
South Ethiopia Region,gedeo zone,Wenago town
South Ethiopia Region,gedeo zone,Wenago woreda
South Ethiopia Region,gedeo zone,Yirga chefe woreda
South Ethiopia Region,gedeo zone,Yirgachefe town
South Ethiopia Region,gofa zone,Beto town
South Ethiopia Region,gofa zone,Bulki town
South Ethiopia Region,gofa zone,Demba gofa woreda
South Ethiopia Region,gofa zone,Geze gofa woreda
South Ethiopia Region,gofa zone,Laha town
South Ethiopia Region,gofa zone,Melo gada woredA
South Ethiopia Region,gofa zone,Melo koza woreda
South Ethiopia Region,gofa zone,Oyda woreda
South Ethiopia Region,gofa zone,Sawla town
South Ethiopia Region,gofa zone,Uba debretsehay woreda
South Ethiopia Region,gofa zone,Zala woreda
South Ethiopia Region,Konso zone,Karat city administration
South Ethiopia Region,Konso zone,Karat zuriya woreda
South Ethiopia Region,Konso zone,Kena woreda
South Ethiopia Region,Konso zone,Kolme woreda
South Ethiopia Region,Konso zone,Segen zuriya woreda
South Ethiopia Region,Koore zone,Gorka Woreda
South Ethiopia Region,Koore zone,Kele Town
South Ethiopia Region,Koore zone,Sarmale Woreda
South Ethiopia Region,Sodo Twon,Sodo Twon
South Ethiopia Region,South omo zone,Bena tsemay woreda
South Ethiopia Region,South omo zone,Dasenech woreda
South Ethiopia Region,South omo zone,Gnangatom woreda
South Ethiopia Region,South omo zone,Hamer woreda
South Ethiopia Region,South omo zone,Male woreda
South Ethiopia Region,South omo zone,Selamago woreda
South Ethiopia Region,South omo zone,Turmi town
South Ethiopia Region,Wolaita zone,Abela abaya woreda
South Ethiopia Region,Wolaita zone,Areka Town
South Ethiopia Region,Wolaita zone,Bayra koysha woreda
South Ethiopia Region,Wolaita zone,Bele town
South Ethiopia Region,Wolaita zone,Boditi town
South Ethiopia Region,Wolaita zone,Boloso bombe woreda
South Ethiopia Region,Wolaita zone,Boloso sore woreda
South Ethiopia Region,Wolaita zone,Damot Gale woreda
South Ethiopia Region,Wolaita zone,Damot pulusa woreda
South Ethiopia Region,Wolaita zone,Damot sore woreda
South Ethiopia Region,Wolaita zone,Damot woyde
South Ethiopia Region,Wolaita zone,Duguna fango woreda
South Ethiopia Region,Wolaita zone,Gesuba town
South Ethiopia Region,Wolaita zone,Gununo town
South Ethiopia Region,Wolaita zone,Hobicha woreda
South Ethiopia Region,Wolaita zone,Humbo woreda
South Ethiopia Region,Wolaita zone,Kawo koysha woreda
South Ethiopia Region,Wolaita zone,Kindo didaye woreda
South Ethiopia Region,Wolaita zone,Kindo koysha woreda
South Ethiopia Region,Wolaita zone,Ofa woreda
South Ethiopia Region,Wolaita zone,Sodo zuriya woreda
South Ethiopia Region,Wolaita zone,Tebela town
South West Ethiopia Region,Bench Sheko Zone,Biftu Town Administration
South West Ethiopia Region,Bench Sheko Zone,Gide Bench Woreda
South West Ethiopia Region,Bench Sheko Zone,Gura Ferda Woreda
South West Ethiopia Region,Bench Sheko Zone,Mizan Aman Town Administration
South West Ethiopia Region,Bench Sheko Zone,North Bench Woreda
South West Ethiopia Region,Bench Sheko Zone,Sheko Town Administration
South West Ethiopia Region,Bench Sheko Zone,Sheko Woreda
South West Ethiopia Region,Bench Sheko Zone,Shey Bench Woreda
South West Ethiopia Region,Bench Sheko Zone,Siz Town Administration
South West Ethiopia Region,Bench Sheko Zone,South Bench Woreda
South West Ethiopia Region,Dawro Zone,Disa Woreda
South West Ethiopia Region,Dawro Zone,Essara Woreda
South West Ethiopia Region,Dawro Zone,Gena Bosa Woreda
South West Ethiopia Region,Dawro Zone,Gesa Town
South West Ethiopia Region,Dawro Zone,Kechi Woreda
South West Ethiopia Region,Dawro Zone,Loma Bosa
South West Ethiopia Region,Dawro Zone,Mareka Woreda
South West Ethiopia Region,Dawro Zone,Mari Mansa Woreda
South West Ethiopia Region,Dawro Zone,Tarcha Town
South West Ethiopia Region,Dawro Zone,Tercha Zuria Woreda
South West Ethiopia Region,Dawro Zone,Tocha Woreda
South West Ethiopia Region,Dawro Zone,Zaba Gazo Woreda
South West Ethiopia Region,Kaffa Zone,Adiyo Woreda
South West Ethiopia Region,Kaffa Zone,Awurada Town
South West Ethiopia Region,Kaffa Zone,Bita Woreda
South West Ethiopia Region,Kaffa Zone,Bonga Town
South West Ethiopia Region,Kaffa Zone,Chena Woreda
South West Ethiopia Region,Kaffa Zone,Cheta Woreda
South West Ethiopia Region,Kaffa Zone,Decha Woreda
South West Ethiopia Region,Kaffa Zone,Deka Town
South West Ethiopia Region,Kaffa Zone,Gesha Woreda
South West Ethiopia Region,Kaffa Zone,Gewata Woreda
South West Ethiopia Region,Kaffa Zone,Gimbo Woreda
South West Ethiopia Region,Kaffa Zone,Goba woreda
South West Ethiopia Region,Kaffa Zone,Saylem Woreda
South West Ethiopia Region,Kaffa Zone,Shishinda Town
South West Ethiopia Region,Kaffa Zone,Shishoinde Woreda
South West Ethiopia Region,Kaffa Zone,Tello Woreda
South West Ethiopia Region,Kaffa Zone,Wacha Town
South West Ethiopia Region,Konta Zone,Ameya Town
South West Ethiopia Region,Konta Zone,Ameya Zuriya woreda
South West Ethiopia Region,Konta Zone,Chida Town
South West Ethiopia Region,Konta Zone,Ela Anchano Woreda
South West Ethiopia Region,Konta Zone,Konta Koyisha Woreda
South West Ethiopia Region,Sheka Zone,Anderacha Woreda
South West Ethiopia Region,Sheka Zone,Masha Town
South West Ethiopia Region,Sheka Zone,Masha Woreda
South West Ethiopia Region,Sheka Zone,Teppi Town
South West Ethiopia Region,Sheka Zone,Yeki Woreda
South West Ethiopia Region,West Omo zone,Bachuma Town
South West Ethiopia Region,West Omo zone,Bero Woreda
South West Ethiopia Region,West Omo zone,Gachit Woreda
South West Ethiopia Region,West Omo zone,Gorigasha Woreda
South West Ethiopia Region,West Omo zone,Jemu Town
South West Ethiopia Region,West Omo zone,Maji Tum Town
South West Ethiopia Region,West Omo zone,Maji Woreda
South West Ethiopia Region,West Omo zone,Menit Goldiya Woreda
South West Ethiopia Region,West Omo zone,Menit Shasha Woreda
South West Ethiopia Region,West Omo zone,Surma Woreda
Tigray Region,Central Zone,Abergele yechila
Tigray Region,Central Zone,Abi Adi
Tigray Region,Central Zone,Adet Woreda
Tigray Region,Central Zone,Adwa Town
Tigray Region,Central Zone,Adwa Woreda
Tigray Region,Central Zone,Ahferom
Tigray Region,Central Zone,Ahsea Woreda
Tigray Region,Central Zone,Axum Town
Tigray Region,Central Zone,Chila Woreda
Tigray Region,Central Zone,Egela Woreda
Tigray Region,Central Zone,Embasneiti Woreda
Tigray Region,Central Zone,Endaba Tsahma
Tigray Region,Central Zone,Enticho Town
Tigray Region,Central Zone,Hahaile Woreda
Tigray Region,Central Zone,Keyih Tekli Woreda
Tigray Region,Central Zone,Kola Tembien
Tigray Region,Central Zone,Laelay Maychew
Tigray Region,Central Zone,Maikinetal Woreda
Tigray Region,Central Zone,Naeder Woreda
Tigray Region,Central Zone,Rama adearbaete
Tigray Region,Central Zone,Tahtay Maychew
Tigray Region,Central Zone,Tanqua-Milash Woreda
Tigray Region,Eastern Zone,Adigrat Town
Tigray Region,Eastern Zone,Atsbi Endaslasie Town
Tigray Region,Eastern Zone,Atsbi Woreda
Tigray Region,Eastern Zone,Bizet Woreda
Tigray Region,Eastern Zone,Edaga-Hamus Town
Tigray Region,Eastern Zone,Erop Woreda
Tigray Region,Eastern Zone,Freweini Town
Tigray Region,Eastern Zone,Ganta Afeshum Woreda
Tigray Region,Eastern Zone,Ger-alta Woreda
Tigray Region,Eastern Zone,Gulomekeda Woreda
Tigray Region,Eastern Zone,Hawzen Town
Tigray Region,Eastern Zone,Hawzien Woreda
Tigray Region,Eastern Zone,Klite Awlaelo Woreda
Tigray Region,Eastern Zone,Sewha Saesie Woreda
Tigray Region,Eastern Zone,Tseada Emba Woreda
Tigray Region,Eastern Zone,Tsirae Wonberta Woreda
Tigray Region,Eastern Zone,Wukro Town
Tigray Region,Eastern Zone,Zalambesa Town
Tigray Region,Mekelle Zone,Adi Haki
Tigray Region,Mekelle Zone,Ayder
Tigray Region,Mekelle Zone,Hadnet
Tigray Region,Mekelle Zone,Hawelti
Tigray Region,Mekelle Zone,Qedamay Woyane
Tigray Region,Mekelle Zone,Quiha
Tigray Region,Mekelle Zone,Semen
Tigray Region,North West Zone,Adi Daero Town
Tigray Region,North West Zone,Asgede Woreda
Tigray Region,North West Zone,Endabaguna Town
Tigray Region,North West Zone,Laelay qoraro woreda
Tigray Region,North West Zone,Laelay Tselemti
Tigray Region,North West Zone,MaekelAdiabo Woreda
Tigray Region,North West Zone,Maitsebri Town
Tigray Region,North West Zone,Seyemti Adiabo woreda
Tigray Region,North West Zone,Sheraro
Tigray Region,North West Zone,Shire Endasilase
Tigray Region,North West Zone,Tahtay Adyabo
Tigray Region,North West Zone,Tahtay Qoraro
Tigray Region,North West Zone,Tselemti
Tigray Region,North West Zone,Tsimbla woreda
Tigray Region,North West Zone,Zana Woreda
Tigray Region,South East Zone,Adigudem Town
Tigray Region,South East Zone,Degua Tembien
Tigray Region,South East Zone,Enderta woreda
Tigray Region,South East Zone,Hagere-Selam Town
Tigray Region,South East Zone,Hintalo Woreda
Tigray Region,South East Zone,Samre Woreda
Tigray Region,South East Zone,Seharti Woreda
Tigray Region,South East Zone,Wajerat Woreda
Tigray Region,Southern Zone,Alamata Town
Tigray Region,Southern Zone,Bora Woreda
Tigray Region,Southern Zone,Emba Alaje Woreda
Tigray Region,Southern Zone,Enda Mekoni Woreda
Tigray Region,Southern Zone,Korem Town
Tigray Region,Southern Zone,Maichew Towm
Tigray Region,Southern Zone,Mekoni Town
Tigray Region,Southern Zone,Neksege Woreda
Tigray Region,Southern Zone,Ofla Woreda
Tigray Region,Southern Zone,Raya Alamata Woreda
Tigray Region,Southern Zone,Raya Azebo Woreda
Tigray Region,Southern Zone,Raya Chercher Woreda
Tigray Region,Southern Zone,Selewa Woreda
Tigray Region,Southern Zone,Zata Woreda
Tigray Region,Western Zone,Kafta Humera Woreda
Tigray Region,Western Zone,Korarit Town
Tigray Region,Western Zone,Maigaba Woreda
Tigray Region,Western Zone,Maikadra Woreda
Tigray Region,Western Zone,Setit Humra Woreda
Tigray Region,Western Zone,Tsegede Woreda
Tigray Region,Western Zone,Wolkayit Woreda